{"cameraMode":{"drawMode":0,"name":"Shaded","section":"Shading Mode"},"sceneLighting":true,"audioPlay":false,"sceneViewState":{"m_AlwaysRefresh":false,"showFog":true,"showSkybox":true,"showFlares":true,"showImageEffects":true,"showParticleSystems":true,"showVisualEffectGraphs":true,"m_FxEnabled":true},"in2DMode":false,"pivot":{"x":394.3311462402344,"y":247.0907440185547,"z":3.3204345703125},"rotation":{"x":0.011998015455901623,"y":0.009557975456118584,"z":-0.000046713972551515326,"w":0.9999982118606567},"size":296.6322326660156,"orthographic":false}