{"cameraMode":{"drawMode":0,"name":"Shaded","section":"Shading Mode"},"sceneLighting":true,"audioPlay":false,"sceneViewState":{"m_AlwaysRefresh":false,"showFog":true,"showSkybox":true,"showFlares":true,"showImageEffects":true,"showParticleSystems":true,"showVisualEffectGraphs":true,"m_FxEnabled":true},"in2DMode":false,"pivot":{"x":0.9532544612884522,"y":1.749556303024292,"z":-0.18908286094665528},"rotation":{"x":-0.18301226198673249,"y":0.5439634323120117,"z":-0.12296073883771897,"w":-0.8096247315406799},"size":7.546256065368652,"orthographic":false}