{"cameraMode":{"drawMode":0,"name":"Shaded","section":"Shading Mode"},"sceneLighting":true,"audioPlay":false,"sceneViewState":{"m_AlwaysRefresh":false,"showFog":true,"showSkybox":true,"showFlares":true,"showImageEffects":true,"showParticleSystems":true,"showVisualEffectGraphs":true,"m_FxEnabled":true},"in2DMode":false,"pivot":{"x":14.692057609558106,"y":80.73081970214844,"z":43.35673522949219},"rotation":{"x":0.10208523273468018,"y":-0.8758066892623901,"z":0.21211986243724824,"w":0.42173340916633608},"size":184.59820556640626,"orthographic":false}